model_name,model_type,horiz_res_deg,vert_levels,time_step_h,sypd,hardware,hardware_count,accelerators_per_node_assumed,n_accelerators,prognostic_vars,number_param,source,Comments,sypd/(n_accelerators*n_prog*n_lev),T,dx^2 * dt,n_prognostic*n_lev/((dx)^2),n_prognostic*n_lev/(dt*(dx)^2)
ACE2,ai,1,8,6,1505,NVIDIA H100 80GB HBM3,1,1,1,10,450000000,Oliver Watts-Meyer correspondence,,1.88E+01,1.20E+05,6,80,13.33333333
ACE2,ai,4,8,6,3903,NVIDIA H100 80GB HBM3,1,1,1,10,114000000,Oliver Watts-Meyer correspondence,,4.88E+01,3.12E+05,96,5,0.8333333333
,,,,,,,,,,,,,,#DIV/0!,#DIV/0!,0,,
CAMulator,ai,1,32,6,450,NVIDIA A100 + 32 CPUs for IO,1,1,1,6,751000000,Will Chapman correspondence,,2.34E+00,8.64E+04,6,192,32
CAMulator Coupled,ai,1,32,6,42,"2 derecho nodes , 1 A100",,,,6,751000000,Will Chapman correspondence,,#DIV/0!,#DIV/0!,6,,
,,,,,,,,,,,,,,#DIV/0!,#DIV/0!,0,,
SCREAM_GPU,trad,0.03,128,0.02777777778,0.1596167009,Frontier node (one 64-core AMD “Optimized 3rd Gen” EPYC CPU and 4 AMD Instinct MI250X GPUs),512,4,2048,20,0,https://agupubs.onlinelibrary.wiley.com/doi/full/10.1029/2024MS004314,,3.04E-08,2.00E-01,0.000025,2844444.444,102400000
SCREAM_GPU,trad,0.03,128,0.02777777778,0.2839151266,Frontier node (one 64-core AMD “Optimized 3rd Gen” EPYC CPU and 4 AMD Instinct MI250X GPUs),1024,4,4096,20,0,https://agupubs.onlinelibrary.wiley.com/doi/full/10.1029/2024MS004315,,2.71E-08,1.77E-01,0.000025,2844444.444,102400000
SCREAM_GPU,trad,0.03,128,0.02777777778,0.4807665982,Frontier node (one 64-core AMD “Optimized 3rd Gen” EPYC CPU and 4 AMD Instinct MI250X GPUs),2048,4,8192,20,0,https://agupubs.onlinelibrary.wiley.com/doi/full/10.1029/2024MS004316,,2.29E-08,1.50E-01,0.000025,2844444.444,102400000
SCREAM_GPU,trad,0.03,128,0.02777777778,0.7753593429,Frontier node (one 64-core AMD “Optimized 3rd Gen” EPYC CPU and 4 AMD Instinct MI250X GPUs),4096,4,16384,20,0,https://agupubs.onlinelibrary.wiley.com/doi/full/10.1029/2024MS004317,,1.85E-08,1.21E-01,0.000025,2844444.444,102400000
SCREAM_GPU,trad,0.03,128,0.02777777778,1.148528405,Frontier node (one 64-core AMD “Optimized 3rd Gen” EPYC CPU and 4 AMD Instinct MI250X GPUs),8192,4,32768,20,0,https://agupubs.onlinelibrary.wiley.com/doi/full/10.1029/2024MS004318,,1.37E-08,8.97E-02,0.000025,2844444.444,102400000
SCREAM_GPU,trad,0.03,128,0.02777777778,0.1916495551,Summit node (two IBM Power 9 (AC 922) CPUs with 512 GB of DDR4 memory and six NVIDIA Tesla V100 GPUs with 16 GB of HBM2 memory per GPU),1024,6,6144,20,0,https://agupubs.onlinelibrary.wiley.com/doi/full/10.1029/2024MS004319,,1.22E-08,7.99E-02,0.000025,2844444.444,102400000
SCREAM_GPU,trad,0.03,128,0.02777777778,0.2995208761,Summit node (two IBM Power 9 (AC 922) CPUs with 512 GB of DDR4 memory and six NVIDIA Tesla V100 GPUs with 16 GB of HBM2 memory per GPU),2048,6,12288,20,0,https://agupubs.onlinelibrary.wiley.com/doi/full/10.1029/2024MS004320,,9.52E-09,6.24E-02,0.000025,2844444.444,102400000
SCREAM_GPU,trad,0.03,128,0.02777777778,0.3712525667,Summit node (two IBM Power 9 (AC 922) CPUs with 512 GB of DDR4 memory and six NVIDIA Tesla V100 GPUs with 16 GB of HBM2 memory per GPU),3072,6,18432,20,0,https://agupubs.onlinelibrary.wiley.com/doi/full/10.1029/2024MS004321,,7.87E-09,5.16E-02,0.000025,2844444.444,102400000
SCREAM_GPU,trad,0.03,128,0.02777777778,0.4281998631,Summit node (two IBM Power 9 (AC 922) CPUs with 512 GB of DDR4 memory and six NVIDIA Tesla V100 GPUs with 16 GB of HBM2 memory per GPU),4096,6,24576,20,0,https://agupubs.onlinelibrary.wiley.com/doi/full/10.1029/2024MS004322,,6.81E-09,4.46E-02,0.000025,2844444.444,102400000
SCREAM_GPU,trad,0.03,128,0.02777777778,0.4361396304,Summit node (two IBM Power 9 (AC 922) CPUs with 512 GB of DDR4 memory and six NVIDIA Tesla V100 GPUs with 16 GB of HBM2 memory per GPU),4608,6,27648,20,0,https://agupubs.onlinelibrary.wiley.com/doi/full/10.1029/2024MS004323,,6.16E-09,4.04E-02,0.000025,2844444.444,102400000
SCREAM_GPU,trad,0.03,128,0.02777777778,0.1070499658,"Perlmutter node (one 64-core AMD EPYC “Milan” 7763 CPU and four NVIDIA Ampere A100 GPUs, with 256 GB of DDR4 CPU memory and 40 GB of HBM memory per GPU)",384,4,1536,20,0,https://agupubs.onlinelibrary.wiley.com/doi/full/10.1029/2024MS004324,,2.72E-08,1.78E-01,0.000025,2844444.444,102400000
SCREAM_GPU,trad,0.03,128,0.02777777778,0.1396303901,"Perlmutter node (one 64-core AMD EPYC “Milan” 7763 CPU and four NVIDIA Ampere A100 GPUs, with 256 GB of DDR4 CPU memory and 40 GB of HBM memory per GPU)",512,4,2048,20,0,https://agupubs.onlinelibrary.wiley.com/doi/full/10.1029/2024MS004325,,2.66E-08,1.75E-01,0.000025,2844444.444,102400000
SCREAM_GPU,trad,0.03,128,0.02777777778,0.2603696099,"Perlmutter node (one 64-core AMD EPYC “Milan” 7763 CPU and four NVIDIA Ampere A100 GPUs, with 256 GB of DDR4 CPU memory and 40 GB of HBM memory per GPU)",1024,4,4096,20,0,https://agupubs.onlinelibrary.wiley.com/doi/full/10.1029/2024MS004326,,2.48E-08,1.63E-01,0.000025,2844444.444,102400000
SCREAM_GPU,trad,0.03,128,0.02777777778,0.3613963039,"Perlmutter node (one 64-core AMD EPYC “Milan” 7763 CPU and four NVIDIA Ampere A100 GPUs, with 256 GB of DDR4 CPU memory and 40 GB of HBM memory per GPU)",1536,4,6144,20,0,https://agupubs.onlinelibrary.wiley.com/doi/full/10.1029/2024MS004327,,2.30E-08,1.51E-01,0.000025,2844444.444,102400000
,,,,,,,,,,,,,,#DIV/0!,#DIV/0!,0,,
ICON_A_GPU,trad,0.05,191,0.01111111111,0.133744011,"Piz Daint node (1×P100 GPU per compute node, 1 MPI process per GPU)",1024,1,1024,9,0,https://gmd.copernicus.org/articles/15/6985/2022/gmd-15-6985-2022.html,,7.60E-08,2.25E-01,0.00002777777778,687600,61884000
ICON_A_GPU,trad,0.05,191,0.01111111111,0.3641341547,"JUWELS Booster node ( 4×A100 GPU per compute node, 1 MPI process per GPU)",128,4,512,9,0,https://gmd.copernicus.org/articles/15/6985/2022/gmd-15-6985-2022.html,,4.14E-07,1.22E+00,0.00002777777778,687600,61884000
ICON_A_GPU,trad,0.05,191,0.01111111111,0.5804243669,"JUWELS Booster node ( 4×A100 GPU per compute node, 1 MPI process per GPU)",256,4,1024,9,0,https://gmd.copernicus.org/articles/15/6985/2022/gmd-15-6985-2022.html,,3.30E-07,9.74E-01,0.00002777777778,687600,61884000
,,,,,,,,,,,,,,#DIV/0!,#DIV/0!,0,,
CliMA,hybrid,1,43,0.01111111111,2.51,Derecho node (four NVIDIA A100 GPUs and 40 GB of memory per GPU),1,4,4,12,0,https://essopenarchive.org/users/891100/articles/1268069-the-climate-modeling-alliance-atmosphere-dynamical-core-concepts-numerics-and-scaling,,1.22E-03,3.24E+02,0.01111111111,516,46440
CliMA,hybrid,1,43,0.01111111111,4.83,Derecho node (four NVIDIA A100 GPUs and 40 GB of memory per GPU),2,4,8,12,0,https://essopenarchive.org/users/891100/articles/1268069-the-climate-modeling-alliance-atmosphere-dynamical-core-concepts-numerics-and-scaling,,1.17E-03,3.12E+02,0.01111111111,516,46440
CliMA,hybrid,1,43,0.01111111111,8.99,Derecho node (four NVIDIA A100 GPUs and 40 GB of memory per GPU),4,4,16,12,0,https://essopenarchive.org/users/891100/articles/1268069-the-climate-modeling-alliance-atmosphere-dynamical-core-concepts-numerics-and-scaling,,1.09E-03,2.90E+02,0.01111111111,516,46440
CliMA,hybrid,1,43,0.01111111111,15.7,Derecho node (four NVIDIA A100 GPUs and 40 GB of memory per GPU),8,4,32,12,0,https://essopenarchive.org/users/891100/articles/1268069-the-climate-modeling-alliance-atmosphere-dynamical-core-concepts-numerics-and-scaling,,9.51E-04,2.53E+02,0.01111111111,516,46440
CliMA,hybrid,1,43,0.01111111111,23.2,Derecho node (four NVIDIA A100 GPUs and 40 GB of memory per GPU),16,4,64,12,0,https://essopenarchive.org/users/891100/articles/1268069-the-climate-modeling-alliance-atmosphere-dynamical-core-concepts-numerics-and-scaling,,7.03E-04,1.87E+02,0.01111111111,516,46440
CliMA,hybrid,1,43,0.01111111111,28.9,Derecho node (four NVIDIA A100 GPUs and 40 GB of memory per GPU),32,4,128,12,0,https://essopenarchive.org/users/891100/articles/1268069-the-climate-modeling-alliance-atmosphere-dynamical-core-concepts-numerics-and-scaling,https://essopenarchive.org/users/891100/articles/1268069-the-climate-modeling-alliance-atmosphere-dynamical-core-concepts-numerics-and-scaling,4.38E-04,1.17E+02,0.01111111111,516,46440
CliMA,hybrid,0.5,43,0.01111111111,0.235,Derecho node (four NVIDIA A100 GPUs and 40 GB of memory per GPU),1,4,4,12,0,https://essopenarchive.org/users/891100/articles/1268069-the-climate-modeling-alliance-atmosphere-dynamical-core-concepts-numerics-and-scaling,,1.14E-04,3.03E+01,0.002777777778,2064,185760
CliMA,hybrid,0.5,43,0.01111111111,0.637,Derecho node (four NVIDIA A100 GPUs and 40 GB of memory per GPU),2,4,8,12,0,https://essopenarchive.org/users/891100/articles/1268069-the-climate-modeling-alliance-atmosphere-dynamical-core-concepts-numerics-and-scaling,,1.54E-04,4.11E+01,0.002777777778,2064,185760
CliMA,hybrid,0.5,43,0.01111111111,1.24,Derecho node (four NVIDIA A100 GPUs and 40 GB of memory per GPU),4,4,16,12,0,https://essopenarchive.org/users/891100/articles/1268069-the-climate-modeling-alliance-atmosphere-dynamical-core-concepts-numerics-and-scaling,,1.50E-04,4.00E+01,0.002777777778,2064,185760
CliMA,hybrid,0.5,43,0.01111111111,2.38,Derecho node (four NVIDIA A100 GPUs and 40 GB of memory per GPU),8,4,32,12,0,https://essopenarchive.org/users/891100/articles/1268069-the-climate-modeling-alliance-atmosphere-dynamical-core-concepts-numerics-and-scaling,,1.44E-04,3.84E+01,0.002777777778,2064,185760
CliMA,hybrid,0.5,43,0.01111111111,4.39,Derecho node (four NVIDIA A100 GPUs and 40 GB of memory per GPU),16,4,64,12,0,https://essopenarchive.org/users/891100/articles/1268069-the-climate-modeling-alliance-atmosphere-dynamical-core-concepts-numerics-and-scaling,,1.33E-04,3.54E+01,0.002777777778,2064,185760
CliMA,hybrid,0.5,43,0.01111111111,7.45,Derecho node (four NVIDIA A100 GPUs and 40 GB of memory per GPU),32,4,128,12,0,https://essopenarchive.org/users/891100/articles/1268069-the-climate-modeling-alliance-atmosphere-dynamical-core-concepts-numerics-and-scaling,,1.13E-04,3.00E+01,0.002777777778,2064,185760
CliMA,hybrid,0.5,43,0.01111111111,10.2,Derecho node (four NVIDIA A100 GPUs and 40 GB of memory per GPU),64,4,256,12,0,https://essopenarchive.org/users/891100/articles/1268069-the-climate-modeling-alliance-atmosphere-dynamical-core-concepts-numerics-and-scaling,,7.72E-05,2.06E+01,0.002777777778,2064,185760
CliMA,hybrid,0.25,43,0.01111111111,0.131,Derecho node (four NVIDIA A100 GPUs and 40 GB of memory per GPU),4,4,16,12,0,https://essopenarchive.org/users/891100/articles/1268069-the-climate-modeling-alliance-atmosphere-dynamical-core-concepts-numerics-and-scaling,,1.59E-05,4.22E+00,0.0006944444444,8256,743040
CliMA,hybrid,0.25,43,0.01111111111,0.255,Derecho node (four NVIDIA A100 GPUs and 40 GB of memory per GPU),8,4,32,12,0,https://essopenarchive.org/users/891100/articles/1268069-the-climate-modeling-alliance-atmosphere-dynamical-core-concepts-numerics-and-scaling,,1.54E-05,4.11E+00,0.0006944444444,8256,743040
CliMA,hybrid,0.25,43,0.01111111111,0.493,Derecho node (four NVIDIA A100 GPUs and 40 GB of memory per GPU),16,4,64,12,0,https://essopenarchive.org/users/891100/articles/1268069-the-climate-modeling-alliance-atmosphere-dynamical-core-concepts-numerics-and-scaling,,1.49E-05,3.97E+00,0.0006944444444,8256,743040
CliMA,hybrid,0.25,43,0.01111111111,0.922,Derecho node (four NVIDIA A100 GPUs and 40 GB of memory per GPU),32,4,128,12,0,https://essopenarchive.org/users/891100/articles/1268069-the-climate-modeling-alliance-atmosphere-dynamical-core-concepts-numerics-and-scaling,,1.40E-05,3.72E+00,0.0006944444444,8256,743040
CliMA,hybrid,0.25,43,0.01111111111,1.56,Derecho node (four NVIDIA A100 GPUs and 40 GB of memory per GPU),64,4,256,12,0,https://essopenarchive.org/users/891100/articles/1268069-the-climate-modeling-alliance-atmosphere-dynamical-core-concepts-numerics-and-scaling,,1.18E-05,3.14E+00,0.0006944444444,8256,743040
CliMA,hybrid,0.25,43,0.01111111111,2.21,Derecho node (four NVIDIA A100 GPUs and 40 GB of memory per GPU),128,4,512,12,0,https://essopenarchive.org/users/891100/articles/1268069-the-climate-modeling-alliance-atmosphere-dynamical-core-concepts-numerics-and-scaling,,8.37E-06,2.23E+00,0.0006944444444,8256,743040
CliMA,hybrid,0.25,43,0.01111111111,2.63,Derecho node (four NVIDIA A100 GPUs and 40 GB of memory per GPU),256,4,1024,12,0,https://essopenarchive.org/users/891100/articles/1268069-the-climate-modeling-alliance-atmosphere-dynamical-core-concepts-numerics-and-scaling,,4.98E-06,1.33E+00,0.0006944444444,8256,743040
CliMA,hybrid,0.125,43,0.01111111111,0.049,Derecho node (four NVIDIA A100 GPUs and 40 GB of memory per GPU),16,4,64,12,0,https://essopenarchive.org/users/891100/articles/1268069-the-climate-modeling-alliance-atmosphere-dynamical-core-concepts-numerics-and-scaling,,1.48E-06,3.95E-01,0.0001736111111,33024,2972160
CliMA,hybrid,0.125,43,0.01111111111,0.096,Derecho node (four NVIDIA A100 GPUs and 40 GB of memory per GPU),32,4,128,12,0,https://essopenarchive.org/users/891100/articles/1268069-the-climate-modeling-alliance-atmosphere-dynamical-core-concepts-numerics-and-scaling,,1.45E-06,3.87E-01,0.0001736111111,33024,2972160
CliMA,hybrid,0.125,43,0.01111111111,0.184,Derecho node (four NVIDIA A100 GPUs and 40 GB of memory per GPU),64,4,256,12,0,https://essopenarchive.org/users/891100/articles/1268069-the-climate-modeling-alliance-atmosphere-dynamical-core-concepts-numerics-and-scaling,,1.39E-06,3.71E-01,0.0001736111111,33024,2972160
CliMA,hybrid,0.125,43,0.01111111111,0.337,Derecho node (four NVIDIA A100 GPUs and 40 GB of memory per GPU),128,4,512,12,0,https://essopenarchive.org/users/891100/articles/1268069-the-climate-modeling-alliance-atmosphere-dynamical-core-concepts-numerics-and-scaling,,1.28E-06,3.40E-01,0.0001736111111,33024,2972160
CliMA,hybrid,0.125,43,0.01111111111,0.55,Derecho node (four NVIDIA A100 GPUs and 40 GB of memory per GPU),256,4,1024,12,0,https://essopenarchive.org/users/891100/articles/1268069-the-climate-modeling-alliance-atmosphere-dynamical-core-concepts-numerics-and-scaling,,1.04E-06,2.77E-01,0.0001736111111,33024,2972160
CliMA,hybrid,0.07,43,0.01111111111,0.02,Derecho node (four NVIDIA A100 GPUs and 40 GB of memory per GPU),64,4,256,12,0,https://essopenarchive.org/users/891100/articles/1268069-the-climate-modeling-alliance-atmosphere-dynamical-core-concepts-numerics-and-scaling,,1.51E-07,4.03E-02,0.00005444444444,105306.1224,9477551.02
CliMA,hybrid,0.07,43,0.01111111111,0.039,Derecho node (four NVIDIA A100 GPUs and 40 GB of memory per GPU),128,4,512,12,0,https://essopenarchive.org/users/891100/articles/1268069-the-climate-modeling-alliance-atmosphere-dynamical-core-concepts-numerics-and-scaling,,1.48E-07,3.93E-02,0.00005444444444,105306.1224,9477551.02
CliMA,hybrid,0.07,43,0.01111111111,0.073,Derecho node (four NVIDIA A100 GPUs and 40 GB of memory per GPU),256,4,1024,12,0,https://essopenarchive.org/users/891100/articles/1268069-the-climate-modeling-alliance-atmosphere-dynamical-core-concepts-numerics-and-scaling,,1.38E-07,3.68E-02,0.00005444444444,105306.1224,9477551.02
,,,,,,,,,,,,,,#DIV/0!,#DIV/0!,0,,
NeuralGCM,hybrid,2.8,32,0.2,958.2477755,TPU v4,16,1,16,7,14500000,https://www.nature.com/articles/s41586-024-07744-y/tables/1,,2.67E-01,1.34E+04,1.568,28.57142857,142.8571429
NeuralGCM,hybrid,1.4,32,0.1,188.9117043,TPU v4,16,1,16,7,18300000,https://www.nature.com/articles/s41586-024-07744-y/tables/1,,5.27E-02,2.64E+03,0.196,114.2857143,1142.857143
NeuralGCM,hybrid,0.7,32,0.0625,19.98631075,TPU v4,256,1,256,7,31100000,https://www.nature.com/articles/s41586-024-07744-y/tables/1,,3.49E-04,1.75E+01,0.030625,457.1428571,7314.285714
R2-D2,downscaling,0.1,1,1,2.245037645,H100,1,1,1,6,180000000,https://www.pnas.org/doi/10.1073/pnas.2420288122,as well as Ignacio Lopez Correspondence,3.74E-01,1.35E+01,0.01,600,600
GenFocal,downscaling,0.25,1,2,7.542778919,H100+TPUv5e,2,1,2,4,0,https://arxiv.org/abs/2412.08079,as well as Ignacio Lopez Correspondence,9.43E-01,1.51E+01,0.125,64,32
,,,,,,,,,,,,,,#DIV/0!,#DIV/0!,0,,
ICON_A_GPU,trad_cpu,0.05,191,0.01111111111,0.04024640657,"Levante node (2×Milan CPU per compute node, 16 MPI processes per CPU, 4 OMP threads per process)",128,0,0,9,0,https://gmd.copernicus.org/articles/15/6985/2022/gmd-15-6985-2022.html,,,,,,
ICON_A_GPU,trad_cpu,0.05,191,0.01111111111,0.07885010267,"Levante node (2×Milan CPU per compute node, 16 MPI processes per CPU, 4 OMP threads per process)",256,0,0,9,0,https://gmd.copernicus.org/articles/15/6985/2022/gmd-15-6985-2022.html,,,,,,
ICON_A_GPU,trad_cpu,0.05,191,0.01111111111,0.1546885695,"Levante node (2×Milan CPU per compute node, 16 MPI processes per CPU, 4 OMP threads per process)",512,0,0,9,0,https://gmd.copernicus.org/articles/15/6985/2022/gmd-15-6985-2022.html,,,,,,
ICON_A_GPU,trad_cpu,0.05,191,0.01111111111,0.2839151266,"Levante node (2×Milan CPU per compute node, 16 MPI processes per CPU, 4 OMP threads per process)",1024,0,0,9,0,https://gmd.copernicus.org/articles/15/6985/2022/gmd-15-6985-2022.html,,,,,,